Simonida etkovi,https://uk.linkedin.com/in/simkadic
Steven G,https://www.linkedin.com/in/zhiwen-guan
Michael Anniss,https://uk.linkedin.com/in/michaelanniss
Patrick Buergin,https://uk.linkedin.com/in/patrickbuergin
Danny Cranmer,https://uk.linkedin.com/in/danny-cranmer-1711b971
Steven Silvester,https://www.linkedin.com/in/steven-silvester-90318721
Justas emgulys,https://uk.linkedin.com/in/justas-%C5%BEemgulys-96a77469
Mohamed Ramadan,https://uk.linkedin.com/in/mramadan94
Yongzhi Ong,https://uk.linkedin.com/in/yongzhiong
Anna T,https://www.linkedin.com/in/atorjkov
Maher El-Atawy,https://uk.linkedin.com/in/melatawy
Billy Hickman,https://uk.linkedin.com/in/hickmanbilly
Daniele Rossetti,https://uk.linkedin.com/in/daniele-rossetti-1b755b4b/en
Louis Harris,https://uk.linkedin.com/in/louis-harris-864017149
Iliza Shamsieva,https://uk.linkedin.com/in/iliza-shamsieva-0063793b
James Hu,https://www.linkedin.com/in/jameshu48
Ibrahim ElSebaie,https://uk.linkedin.com/in/ibrahim-elsebaie?trk=public_profile_browsemap_mini-profile_title
Nitish Kumar,https://www.linkedin.com/in/nk17kumar
Carlo Di Ferrante,https://uk.linkedin.com/in/carlodiferrante
Adam Bates,https://ca.linkedin.com/in/connect-adambates
Hatem Elseidy,https://uk.linkedin.com/in/hatemfaheem
James Pearson,https://uk.linkedin.com/in/jawap
Alexander Afanasyev,https://www.linkedin.com/in/alexanderafanasiev
Jagpreet Mahajan,https://uk.linkedin.com/in/jagpreetkhanuja
Varun Jewalikar,https://uk.linkedin.com/in/vjewalikar
Marcus Peacock,https://uk.linkedin.com/in/peacockmarcus
Raul Mihoc,https://uk.linkedin.com/in/raul-mihoc-449a7aa5
Arvind Muthukumar,https://uk.linkedin.com/in/arvind-muthukumar
James Barlow,https://uk.linkedin.com/in/james-barlow-b00273bb
Mohamed Mousa,https://uk.linkedin.com/in/mnaguib92
James Robertson,https://uk.linkedin.com/in/jamestherobertson
Isaac Jordan,https://uk.linkedin.com/in/ijordan
Ben Bradford,https://uk.linkedin.com/in/ben-bradford-7519a13
Nick Mariconda,https://www.linkedin.com/in/nick-mariconda-23612565
Daniel Schoepe,https://uk.linkedin.com/in/daniel-schoepe-a3a868181
Andrew Garn,https://uk.linkedin.com/in/andrewgarn
Jon Ellis-Jones,https://uk.linkedin.com/in/jonellisjones
Steven G,https://www.linkedin.com/in/steven-guan
Nicholas Lynch,https://uk.linkedin.com/in/njlynch
David Barkley,https://www.linkedin.com/in/david-barkley
Chase Johnson,https://uk.linkedin.com/in/chaseajohnson
Mohamed Sayed,https://uk.linkedin.com/in/mohamed-sayed-1208a57b
Gokul Krishna,https://uk.linkedin.com/in/gokul-krishna-461753b7
Filipe Militao,https://uk.linkedin.com/in/filipedomilitao
Emilia Bogdanova,https://uk.linkedin.com/in/emilia-bogdanova-3a2799b4
Alistair Smith,https://www.linkedin.com/in/alistairfsmith
Laura Barton,https://uk.linkedin.com/in/laura-barton-2a732173
Minho Kim,https://uk.linkedin.com/in/minho-kim-1785a4132
Gildas Bazin,https://uk.linkedin.com/in/gildasbazin
Jamie Pitts,https://ca.linkedin.com/in/jamie-pitts-43404185
Ryan Krol,https://uk.linkedin.com/in/ryan-krol-265308a2
Alex Bate,https://uk.linkedin.com/in/alexbate
Abhishek Chander,https://uk.linkedin.com/in/abhishek-chander-840151a1
Tom Parker,https://uk.linkedin.com/in/tom-parker-20287778
Mina Asham,https://uk.linkedin.com/in/minaasham
Greg Thomson,https://uk.linkedin.com/in/greg-thomson-3a2227129
Benjamin Scott,https://www.linkedin.com/in/benjamin-scott-9a275a20
Kexin Hui,https://www.linkedin.com/in/kexin-hui-baa13271
Shengjie W,https://www.linkedin.com/in/shengjiewu
